Name,Licenses,Version,Repos
accountsservice,GPL-2+|GPL-3+,0.6.45-1ubuntu1,bionic|now
acl,GPL|LGPL-2.1,2.2.52-3build1,bionic|now
acpid,GPL-2,1:2.0.28-1ubuntu1,bionic|now
adduser,GPL-2,3.116ubuntu1,bionic|now
adwaita-icon-theme,GFDL-1.2|GPL|LGPL-3,3.28.0-1ubuntu1,bionic|now
apparmor,BSD-3-clause|BSD-3-clause|or|GPL-2+|GPL-2|GPL-2+|LGPL-2.1+,2.12-4ubuntu5.1,bionic-updates|bionic-security|now
apport,GPL-2+,2.20.9-0ubuntu7.9,bionic-updates|bionic-security|now
apport-symptoms,GPL-2+,0.20,bionic|now
apt,GPL-2,1.6.12,bionic-updates|now
apt-utils,GPL-2,1.6.12,bionic-updates|now
at,GPL-2+|GPL-3+|ISC,3.1.20-3.1ubuntu2,bionic|now
at-spi2-core,AFL-2.1|AFL-2.1|or|GPL-2+|GPL-2|GPL-2+|LGPL-2+|public-domain,2.28.0-1,bionic|now
base-files,GPL,10.1ubuntu2.8,bionic-updates|now
base-passwd,GPL-2,3.5.44,bionic|now
bash,GPL-3,4.4.18-2ubuntu1.2,bionic-updates|now
bash-completion,GPL-2+,1:2.8-1ubuntu1,bionic|now
bc,GPL-2.0+|GPL-2.0+|with|Texinfo|exception|X11|permissive|permissive'|public-domain,1.07.1-2,bionic|now
bcache-tools,GPL-2|GPL-2+|PostgreSQL,1.0.8-2build1,bionic|now
bind9-host,BSD-2-clause|BSD-3-clause|BSD-4-clause|ISC|ISC|or|MPL-2.0|MPL-2.0|MPL-2.0|or|ISC,1:9.11.3+dfsg-1ubuntu1.11,bionic-updates|bionic-security|now
bsdmainutils,unknown,11.1.2ubuntu1,bionic|now
bsdutils,BSD-2-clause|BSD-3-clause|BSD-4-clause|GPL-2|GPL-2+|GPL-3+|LGPL|LGPL-2+|LGPL-2.1+|LGPL-3+|MIT|public-domain,1:2.31.1-0.4ubuntu3.5,bionic-updates|now
btrfs-progs,GPL-2|GPL-2+|TLP-4,4.15.1-1build1,bionic|now
btrfs-tools,GPL-2|GPL-2+|TLP-4,4.15.1-1build1,bionic|now
busybox-initramfs,GPL-2,1:1.27.2-2ubuntu3.2,bionic-updates|bionic-security|now
busybox-static,GPL-2,1:1.27.2-2ubuntu3.2,bionic-updates|bionic-security|now
byobu,GPL-3,5.125-0ubuntu1,bionic|now
bzip2,GPL-2,1.0.6-8.1ubuntu0.2,bionic-updates|bionic-security|now
ca-certificates,GPL-2+|MPL-2.0,20180409,bionic|bionic-updates|now
cloud-guest-utils,GPL-3,0.30-0ubuntu5,bionic|now
cloud-init,Apache-2.0|GPL-3|GPL-3|or|Apache-2.0,19.4-33-gbb4131a2-0ubuntu1~18.04.1,bionic-updates|now
cloud-initramfs-copymods,GPL-3.0+,0.40ubuntu1.1,bionic-updates|now
cloud-initramfs-dyn-netconf,GPL-3.0+,0.40ubuntu1.1,bionic-updates|now
command-not-found,GPL,18.04.5,bionic-updates|now
command-not-found-data,GPL,18.04.5,bionic-updates|now
console-setup,GPL-2,1.178ubuntu2.9,bionic-updates|now
console-setup-linux,GPL-2,1.178ubuntu2.9,bionic-updates|now
coreutils,GPL-3,8.28-1ubuntu1,bionic|now
cpio,GPL-3,2.12+dfsg-6ubuntu0.18.04.1,bionic-updates|bionic-security|now
cron,Artistic|GPL-2+|ISC|Paul-Vixie's-license,3.0pl1-128.1ubuntu1,bionic|now
cryptsetup,Apache-2.0|CC0|CC0|or|Apache-2.0|GPL-2+|LGPL-2.1+|public-domain,2:2.0.2-1ubuntu1.1,bionic-updates|now
cryptsetup-bin,Apache-2.0|CC0|CC0|or|Apache-2.0|GPL-2+|LGPL-2.1+|public-domain,2:2.0.2-1ubuntu1.1,bionic-updates|now
curl,BSD-3-Clause|BSD-4-Clause|ISC|curl|other|public-domain,7.58.0-2ubuntu3.8,bionic-updates|bionic-security|now
dash,GPL,0.5.8-2.10,bionic|now
dbus,AFL-2.1|BSD-3-clause|BSD-3-clause-generic|Expat|GPL-2+|GPL-2+|or|AFL-2.1|GPL-2+|or|AFL-2.1,|Tcl-BSDish|g10-permissive,1.12.2-1ubuntu1.1,bionic-updates|bionic-security|now
dbus-x11,AFL-2.1|BSD-3-clause|BSD-3-clause-generic|Expat|GPL-2+|GPL-2+|or|AFL-2.1|GPL-2+|or|AFL-2.1,|Tcl-BSDish|g10-permissive,1.12.2-1ubuntu1.1,bionic-updates|bionic-security|now
dconf-gsettings-backend:amd64,GPL-3|LGPL-2+,0.26.0-2ubuntu3,NULL
dconf-service,GPL-3|LGPL-2+,0.26.0-2ubuntu3,bionic|now
debconf,BSD-2-clause,1.5.66ubuntu1,bionic-updates|now
debconf-i18n,BSD-2-clause,1.5.66ubuntu1,bionic-updates|now
debianutils,GPL,4.8.4,bionic|now
diffutils,GFDL|GPL,1:3.6-1,bionic|now
dirmngr,BSD-3-clause|Expat|GPL-3+|GPL-3+|or|BSD-3-clause|LGPL-2.1+|LGPL-3+|RFC-Reference|TinySCHEME|permissive,2.2.4-1ubuntu1.2,bionic-updates|bionic-security|now
distro-info-data,ISC,0.37ubuntu0.6,bionic-updates|bionic-security|now
dmeventd,GPL-2|LGPL-2.1,2:1.02.145-4.1ubuntu3.18.04.2,bionic-updates|now
dmidecode,GPL-2+,3.1-1ubuntu0.1,bionic-updates|now
dmsetup,GPL-2|LGPL-2.1,2:1.02.145-4.1ubuntu3.18.04.2,bionic-updates|now
dns-root-data,Expat|ICANN-Public,2018013001,bionic|now
dnsmasq-base,GPL-2|GPL-3,2.79-1,bionic|now
dnsutils,BSD-2-clause|BSD-3-clause|BSD-4-clause|ISC|ISC|or|MPL-2.0|MPL-2.0|MPL-2.0|or|ISC,1:9.11.3+dfsg-1ubuntu1.11,bionic-updates|bionic-security|now
dos2unix,BSD-2-clause|GPL-2+|Public-Domain,7.3.4-3,bionic|now
dosfstools,GPL-3+|public-domain,4.1-1,bionic|now
dpkg,BSD-2-clause|GPL-2|GPL-2+|public-domain-md5|public-domain-s-s-d,1.19.0.5ubuntu2.3,bionic-updates|now
e2fsprogs,GPL-2|LGPL-2,1.44.1-1ubuntu1.3,bionic-updates|bionic-security|now
eatmydata,GPL-3+,105-6,bionic|now
ebtables,GPL-2,2.0.10.4-3.5ubuntu2.18.04.3,bionic-updates|now
ed,GFDL-1.2|GPL-3,1.10-2.1,bionic|now
eject,GPL-2,2.1.5+deb1+cvs20081104-13.2,bionic|now
ethtool,GPL-2,1:4.15-0ubuntu1,bionic|now
fdisk,BSD-2-clause|BSD-3-clause|BSD-4-clause|GPL-2|GPL-2+|GPL-3+|LGPL|LGPL-2+|LGPL-2.1+|LGPL-3+|MIT|public-domain,2.31.1-0.4ubuntu3.5,bionic-updates|now
file,BSD-2-Clause-alike|BSD-2-Clause-netbsd|BSD-2-Clause-regents|MIT-Old-Style-with-legal-disclaimer-2|public-domain,1:5.32-2ubuntu0.3,bionic-updates|bionic-security|now
findutils,GFDL-1.3|GPL-3,4.6.0+git+20170828-2,bionic|now
fontconfig,unknown,2.12.6-0ubuntu2,bionic|now
fontconfig-config,unknown,2.12.6-0ubuntu2,bionic|now
fonts-dejavu-core,GPL-2+|bitstream-vera,2.37-1,bionic|now
fonts-ubuntu-console,CC-BY-SA-3.0|GPL-3|Ubuntu-Font-License-1.0,0.83-2,bionic|now
friendly-recovery,GPL-2+,0.2.38ubuntu1.1,bionic-updates|now
ftp,BSD-3-clause,0.17-34,bionic|now
fuse,GPL-2|GPL-2+|LGPL-2,2.9.7-1ubuntu1,bionic|now
gawk,GPL-3+,1:4.1.4+dfsg-1build1,bionic|now
gcc-8-base:amd64,Artistic|GFDL-1.2|GPL|GPL-2|GPL-3|LGPL,8.3.0-6ubuntu1~18.04.1,NULL
gdisk,LGPL-2.0+,1.0.3-1,bionic|now
geoip-database,OpenDataLicense,20180315-1,bionic|now
gettext-base,GFDL|GPL|LGPL,0.19.8.1-6ubuntu0.3,bionic-updates|bionic-security|now
gir1.2-glib-2.0:amd64,BSD-2-clause|GPL-2+|LGPL-2+|MIT,1.56.1-1,NULL
git,Apache-2.0|BSD-2-clause|Boost|EDL-1.0|Expat|GPL-1+|or|Artistic-1|GPL-2|GPL-2+|ISC|LGPL-2+|LGPL-2.1+|dlmalloc|mingw-runtime,1:2.17.1-1ubuntu0.5,bionic-updates|bionic-security|now
git-man,Apache-2.0|BSD-2-clause|Boost|EDL-1.0|Expat|GPL-1+|or|Artistic-1|GPL-2|GPL-2+|ISC|LGPL-2+|LGPL-2.1+|dlmalloc|mingw-runtime,1:2.17.1-1ubuntu0.5,bionic-updates|bionic-security|now
glib-networking:amd64,LGPL-2+|LGPL-2.1+,2.56.0-1,NULL
glib-networking-common,LGPL-2+|LGPL-2.1+,2.56.0-1,bionic|now
glib-networking-services,LGPL-2+|LGPL-2.1+,2.56.0-1,bionic|now
gnupg,BSD-3-clause|Expat|GPL-3+|GPL-3+|or|BSD-3-clause|LGPL-2.1+|LGPL-3+|RFC-Reference|TinySCHEME|permissive,2.2.4-1ubuntu1.2,bionic-updates|bionic-security|now
gnupg-l10n,BSD-3-clause|Expat|GPL-3+|GPL-3+|or|BSD-3-clause|LGPL-2.1+|LGPL-3+|RFC-Reference|TinySCHEME|permissive,2.2.4-1ubuntu1.2,bionic-updates|bionic-security|now
gnupg-utils,BSD-3-clause|Expat|GPL-3+|GPL-3+|or|BSD-3-clause|LGPL-2.1+|LGPL-3+|RFC-Reference|TinySCHEME|permissive,2.2.4-1ubuntu1.2,bionic-updates|bionic-security|now
gpg,BSD-3-clause|Expat|GPL-3+|GPL-3+|or|BSD-3-clause|LGPL-2.1+|LGPL-3+|RFC-Reference|TinySCHEME|permissive,2.2.4-1ubuntu1.2,bionic-updates|bionic-security|now
gpg-agent,BSD-3-clause|Expat|GPL-3+|GPL-3+|or|BSD-3-clause|LGPL-2.1+|LGPL-3+|RFC-Reference|TinySCHEME|permissive,2.2.4-1ubuntu1.2,bionic-updates|bionic-security|now
gpg-wks-client,BSD-3-clause|Expat|GPL-3+|GPL-3+|or|BSD-3-clause|LGPL-2.1+|LGPL-3+|RFC-Reference|TinySCHEME|permissive,2.2.4-1ubuntu1.2,bionic-updates|bionic-security|now
gpg-wks-server,BSD-3-clause|Expat|GPL-3+|GPL-3+|or|BSD-3-clause|LGPL-2.1+|LGPL-3+|RFC-Reference|TinySCHEME|permissive,2.2.4-1ubuntu1.2,bionic-updates|bionic-security|now
gpgconf,BSD-3-clause|Expat|GPL-3+|GPL-3+|or|BSD-3-clause|LGPL-2.1+|LGPL-3+|RFC-Reference|TinySCHEME|permissive,2.2.4-1ubuntu1.2,bionic-updates|bionic-security|now
gpgsm,BSD-3-clause|Expat|GPL-3+|GPL-3+|or|BSD-3-clause|LGPL-2.1+|LGPL-3+|RFC-Reference|TinySCHEME|permissive,2.2.4-1ubuntu1.2,bionic-updates|bionic-security|now
gpgv,BSD-3-clause|Expat|GPL-3+|GPL-3+|or|BSD-3-clause|LGPL-2.1+|LGPL-3+|RFC-Reference|TinySCHEME|permissive,2.2.4-1ubuntu1.2,bionic-updates|bionic-security|now
grep,GPL-3+,3.1-2build1,bionic-updates|now
groff-base,GFDL-1.3|GPL-3,1.22.3-10,bionic|now
gsettings-desktop-schemas,LGPL-2.1+,3.28.0-1ubuntu1,bionic|now
gtk-update-icon-cache,Apache-2.0|Expat|LGPL-2+|LGPL-2+|or|SWL|LGPL-2.1+|SWL|other,3.22.30-1ubuntu4,bionic-updates|now
gzip,GPL,1.6-5ubuntu1,bionic|now
hdparm,BSD-2-clause|GPL-2+|GPL-2+|or|BSD-2-clause|hdparm,9.54+ds-1,bionic|now
hicolor-icon-theme,GPL-2+,0.17-2,bionic|now
hostname,GPL-2,3.20,bionic|now
htop,GPL-2+,2.1.0-3,bionic|now
humanity-icon-theme,GPL-2|GPL-3|LGPL-3,0.6.15,bionic|now
info,GPL-3,6.5.0.dfsg.1-2,bionic|now
init,BSD-3-clause|GPL-2+,1.51,bionic|now
init-system-helpers,BSD-3-clause|GPL-2+,1.51,bionic|now
initramfs-tools,GPL-2,0.130ubuntu3.9,bionic-updates|now
initramfs-tools-bin,GPL-2,0.130ubuntu3.9,bionic-updates|now
initramfs-tools-core,GPL-2,0.130ubuntu3.9,bionic-updates|now
install-info,GPL-3,6.5.0.dfsg.1-2,bionic|now
iproute2,GPL-2,4.15.0-2ubuntu1,bionic|now
iptables,Artistic-2|GPL-2|GPL-2+|custom,1.6.1-2ubuntu2,bionic|now
iputils-ping,GPL,3:20161105-1ubuntu3,bionic-updates|now
iputils-tracepath,GPL,3:20161105-1ubuntu3,bionic-updates|now
irqbalance,GPL,1.3.0-0.1ubuntu0.18.04.1,bionic-updates|now
irssi,GPL-2+|with|OpenSSL|exception|WTFPLv2,1.0.5-1ubuntu4.2,bionic-updates|bionic-security|now
isc-dhcp-client,GPL-2|ISC,4.3.5-3ubuntu7.1,bionic-updates|bionic-security|now
isc-dhcp-common,GPL-2|ISC,4.3.5-3ubuntu7.1,bionic-updates|bionic-security|now
iso-codes,LGPL-2.1+,3.79-1,bionic|now
javascript-common,GPL-2+,11,bionic|now
kbd,GPL-2+|GPL-2-with-exceptions|GPL-any,2.0.4-2ubuntu1,bionic|now
keyboard-configuration,GPL-2,1.178ubuntu2.9,bionic-updates|now
klibc-utils,GPL-2,2.0.4-9ubuntu2,bionic|now
kmod,GPL-2|LGPL-2.1,24-1ubuntu3.2,bionic-updates|now
krb5-locales,GPL-2,1.16-2ubuntu0.1,bionic-updates|bionic-security|now
landscape-common,GPL-2,18.01-0ubuntu3.4,bionic-updates|now
language-selector-common,GPL-2,0.188.3,bionic-updates|now
less,GPL-3,487-0.1,bionic|now
libaccountsservice0:amd64,GPL-2+|GPL-3+,0.6.45-1ubuntu1,NULL
libacl1:amd64,GPL|LGPL-2.1,2.2.52-3build1,NULL
libapparmor1:amd64,BSD-3-clause|BSD-3-clause|or|GPL-2+|GPL-2|GPL-2+|LGPL-2.1+,2.12-4ubuntu5.1,NULL
libapt-inst2.0:amd64,GPL-2,1.6.12,NULL
libapt-pkg5.0:amd64,GPL-2,1.6.12,NULL
libargon2-0:amd64,Apache-2.0|CC0|CC0|or|Apache-2.0,0~20161029-1.1,NULL
libasn1-8-heimdal:amd64,BSD-3-clause|GPL-2+|custom|none,7.5.0+dfsg-1,NULL
libassuan0:amd64,GAP|GAP~FSF|GPL-2+|GPL-2+|with|libtool|exception|GPL-3+|LGPL-2.1+|LGPL-3+,2.5.1-2,NULL
libasyncns0:amd64,LGPL-2.1+,0.8-6,NULL
libatk-bridge2.0-0:amd64,Expat|GPL-2|GPL-2+|GPL-3|LGPL-2+|Unlimited,2.26.2-1,NULL
libatk1.0-0:amd64,LGPL-2,2.28.1-1,NULL
libatk1.0-data,LGPL-2,2.28.1-1,bionic|now
libatm1:amd64,GPL-2,1:2.5.1-2build1,NULL
libatspi2.0-0:amd64,AFL-2.1|AFL-2.1|or|GPL-2+|GPL-2|GPL-2+|LGPL-2+|public-domain,2.28.0-1,NULL
libattr1:amd64,GPL-2|LGPL-2.1,1:2.4.47-2build1,NULL
libaudit-common,GPL-2|LGPL-2.1,1:2.8.2-1ubuntu1,bionic|now
libaudit1:amd64,GPL-2|LGPL-2.1,1:2.8.2-1ubuntu1,NULL
libavahi-client3:amd64,GPL|GPL-2|LGPL-2.1,0.7-3.1ubuntu1.2,NULL
libavahi-common-data:amd64,GPL|GPL-2|LGPL-2.1,0.7-3.1ubuntu1.2,NULL
libavahi-common3:amd64,GPL|GPL-2|LGPL-2.1,0.7-3.1ubuntu1.2,NULL
libbind9-160:amd64,BSD-2-clause|BSD-3-clause|BSD-4-clause|ISC|ISC|or|MPL-2.0|MPL-2.0|MPL-2.0|or|ISC,1:9.11.3+dfsg-1ubuntu1.11,NULL
libblkid1:amd64,BSD-2-clause|BSD-3-clause|BSD-4-clause|GPL-2|GPL-2+|GPL-3+|LGPL|LGPL-2+|LGPL-2.1+|LGPL-3+|MIT|public-domain,2.31.1-0.4ubuntu3.5,NULL
libbsd0:amd64,BSD-2-clause|BSD-2-clause-NetBSD|BSD-2-clause-author|BSD-2-clause-verbatim|BSD-3-clause|BSD-3-clause-John-Birrell|BSD-3-clause-Peter-Wemm|BSD-3-clause-Regents|BSD-4-clause-Christopher-G-Demetriou|BSD-4-clause-Niels-Provos|BSD-5-clause-Peter-Wemm|Beerware|Expat|ISC|ISC-Original|public-domain|public-domain-Colin-Plumb,0.8.7-1ubuntu0.1,NULL
libbz2-1.0:amd64,GPL-2,1.0.6-8.1ubuntu0.2,NULL
libc-bin,GPL-2|LGPL-2.1,2.27-3ubuntu1,bionic|now
libc6:amd64,GPL-2|LGPL-2.1,2.27-3ubuntu1,NULL
libcairo-gobject2:amd64,LGPL-2.1,1.15.10-2ubuntu0.1,NULL
libcairo2:amd64,LGPL-2.1,1.15.10-2ubuntu0.1,NULL
libcap-ng0:amd64,GPL-2|GPL-3|LGPL-2.1,0.7.7-3.1,NULL
libcap2:amd64,BSD-3-clause|BSD-3-clause|or|GPL-2|BSD-3-clause|or|GPL-2+|GPL-2|GPL-2+,1:2.25-1.2,NULL
libcap2-bin,BSD-3-clause|BSD-3-clause|or|GPL-2|BSD-3-clause|or|GPL-2+|GPL-2|GPL-2+,1:2.25-1.2,bionic|now
libcolord2:amd64,CC0|GFDL-NIV|GPL-2+|LGPL-2.1+,1.3.3-2build1,NULL
libcom-err2:amd64,unknown,1.44.1-1ubuntu1.3,NULL
libcroco3:amd64,LGPL,0.6.12-2,NULL
libcryptsetup12:amd64,Apache-2.0|CC0|CC0|or|Apache-2.0|GPL-2+|LGPL-2.1+|public-domain,2:2.0.2-1ubuntu1.1,NULL
libcups2:amd64,BSD-2-clause|GPL-2.0|with|AOSDL|exception|LGPL-2.0|with|AOSDL|exception|Zlib,2.2.7-1ubuntu2.7,NULL
libcurl3-gnutls:amd64,BSD-3-Clause|BSD-4-Clause|ISC|curl|other|public-domain,7.58.0-2ubuntu3.8,NULL
libcurl4:amd64,BSD-3-Clause|BSD-4-Clause|ISC|curl|other|public-domain,7.58.0-2ubuntu3.8,NULL
libdatrie1:amd64,GPL-2+|LGPL-2.1+,0.2.10-7,NULL
libdb5.3:amd64,unknown,5.3.28-13.1ubuntu1.1,NULL
libdbus-1-3:amd64,AFL-2.1|BSD-3-clause|BSD-3-clause-generic|Expat|GPL-2+|GPL-2+|or|AFL-2.1|GPL-2+|or|AFL-2.1,|Tcl-BSDish|g10-permissive,1.12.2-1ubuntu1.1,NULL
libdconf1:amd64,GPL-3|LGPL-2+,0.26.0-2ubuntu3,NULL
libdebconfclient0:amd64,public|domain,0.213ubuntu1,NULL
libdevmapper-event1.02.1:amd64,GPL-2|LGPL-2.1,2:1.02.145-4.1ubuntu3.18.04.2,NULL
libdevmapper1.02.1:amd64,GPL-2|LGPL-2.1,2:1.02.145-4.1ubuntu3.18.04.2,NULL
libdns-export1100,BSD-2-clause|BSD-3-clause|BSD-4-clause|ISC|ISC|or|MPL-2.0|MPL-2.0|MPL-2.0|or|ISC,1:9.11.3+dfsg-1ubuntu1.11,bionic-updates|bionic-security|now
libdns1100:amd64,BSD-2-clause|BSD-3-clause|BSD-4-clause|ISC|ISC|or|MPL-2.0|MPL-2.0|MPL-2.0|or|ISC,1:9.11.3+dfsg-1ubuntu1.11,NULL
libdrm-amdgpu1:amd64,unknown,2.4.99-1ubuntu1~18.04.2,NULL
libdrm-common,unknown,2.4.99-1ubuntu1~18.04.2,bionic-updates|bionic-security|now
libdrm-intel1:amd64,unknown,2.4.99-1ubuntu1~18.04.2,NULL
libdrm-nouveau2:amd64,unknown,2.4.99-1ubuntu1~18.04.2,NULL
libdrm-radeon1:amd64,unknown,2.4.99-1ubuntu1~18.04.2,NULL
libdrm2:amd64,unknown,2.4.99-1ubuntu1~18.04.2,NULL
libdumbnet1:amd64,4-clause|BSD|license|BSD|license,1.12-7build1,NULL
libeatmydata1:amd64,GPL-3+,105-6,NULL
libedit2:amd64,unknown,3.1-20170329-1,NULL
libelf1:amd64,GPL-2|GPL-3|LGPL,0.170-0.4ubuntu0.1,NULL
libepoxy0:amd64,Expat,1.4.3-1,NULL
liberror-perl,Artistic|Artistic|or|GPL-1+|GPL-1+|MIT/X11,0.17025-1,bionic|now
libestr0:amd64,LGPL-2.1,0.1.10-2.1,NULL
libevent-2.1-6:amd64,BSD|license,2.1.8-stable-4build1,NULL
libexpat1:amd64,MIT,2.2.5-3ubuntu0.2,NULL
libext2fs2:amd64,GPL-2|LGPL-2,1.44.1-1ubuntu1.3,NULL
libfastjson4:amd64,Apache-2.0|Expat,0.99.8-2,NULL
libfdisk1:amd64,BSD-2-clause|BSD-3-clause|BSD-4-clause|GPL-2|GPL-2+|GPL-3+|LGPL|LGPL-2+|LGPL-2.1+|LGPL-3+|MIT|public-domain,2.31.1-0.4ubuntu3.5,NULL
libffi6:amd64,GPL,3.2.1-8,NULL
libflac8:amd64,BSD-3-clause|GFDL-1.1+|GPL-2+|GPL-2+|or|LGPL-2.1+|ISC|LGPL-2+|LGPL-2.1+|Public-domain,1.3.2-1,NULL
libfontconfig1:amd64,unknown,2.12.6-0ubuntu2,NULL
libfontenc1:amd64,unknown,1:1.1.3-1,NULL
libfreetype6:amd64,BSD-2-Clause|BSD-3-Clause|Catharon-OSL|FTL|GPL-2+|GPL-2+|or|FTL|GZip|OpenGroup-BSD-like,2.8.1-2ubuntu2,NULL
libfribidi0:amd64,LGPL-2.1+,0.19.7-2,NULL
libfuse2:amd64,GPL-2|GPL-2+|LGPL-2,2.9.7-1ubuntu1,NULL
libgc1c2:amd64,unknown,1:7.4.2-8ubuntu1,NULL
libgcc1:amd64,Artistic|GFDL-1.2|GPL|GPL-2|GPL-3|LGPL,1:8.3.0-6ubuntu1~18.04.1,NULL
libgcrypt20:amd64,GPL-2|LGPL,1.8.1-4ubuntu1.2,NULL
libgdbm-compat4:amd64,GFDL-1.3+|GPL-3+,1.14.1-6,NULL
libgdbm5:amd64,GFDL-1.3+|GPL-3+,1.14.1-6,NULL
libgdk-pixbuf2.0-0:amd64,GPL-2+|LGPL-2+|MPL-1.1-or-LGPL-2+,2.36.11-2,NULL
libgdk-pixbuf2.0-bin,GPL-2+|LGPL-2+|MPL-1.1-or-LGPL-2+,2.36.11-2,bionic|now
libgdk-pixbuf2.0-common,GPL-2+|LGPL-2+|MPL-1.1-or-LGPL-2+,2.36.11-2,bionic|now
libgeoip1:amd64,ISC|LGPL-2.1+,1.6.12-1,NULL
libgif7:amd64,MIT,5.1.4-2ubuntu0.1,NULL
libgirepository-1.0-1:amd64,BSD-2-clause|GPL-2+|LGPL-2+|MIT,1.56.1-1,NULL
libgl1:amd64,BSD-1-clause|GPL-3+|MIT|public-domain,1.0.0-2ubuntu2.3,NULL
libgl1-mesa-dri:amd64,Apache-2.0|BSD-2-clause|BSD-3-google|BSL|GPL|Khronos|MIT|MLAA|SGI,19.2.8-0ubuntu0~18.04.2,NULL
libgl1-mesa-glx:amd64,Apache-2.0|BSD-2-clause|BSD-3-google|BSL|GPL|Khronos|MIT|MLAA|SGI,19.2.8-0ubuntu0~18.04.2,NULL
libglapi-mesa:amd64,Apache-2.0|BSD-2-clause|BSD-3-google|BSL|GPL|Khronos|MIT|MLAA|SGI,19.2.8-0ubuntu0~18.04.2,NULL
libglib2.0-0:amd64,LGPL,2.56.4-0ubuntu0.18.04.4,NULL
libglib2.0-data,LGPL,2.56.4-0ubuntu0.18.04.4,bionic-updates|bionic-security|now
libglvnd0:amd64,BSD-1-clause|GPL-3+|MIT|public-domain,1.0.0-2ubuntu2.3,NULL
libglx-mesa0:amd64,Apache-2.0|BSD-2-clause|BSD-3-google|BSL|GPL|Khronos|MIT|MLAA|SGI,19.2.8-0ubuntu0~18.04.2,NULL
libglx0:amd64,BSD-1-clause|GPL-3+|MIT|public-domain,1.0.0-2ubuntu2.3,NULL
libgmp10:amd64,GPL|GPL-2|GPL-3|LGPL-3,2:6.1.2+dfsg-2,NULL
libgnutls30:amd64,GFDL-1.3|GPL|GPL-3|LGPL|LGPL-3,3.5.18-1ubuntu1.3,NULL
libgpg-error0:amd64,BSD-3-clause|GPL-3+|LGPL-2.1+|LGPL-2.1+|or|BSD-3-clause|g10-permissive,1.27-6,NULL
libgpm2:amd64,GPL-2.0+|GPL-3.0+,1.20.7-5,NULL
libgraphite2-3:amd64,Artistic|Artistic|or|GPL-1+|GPL-1+|GPL-2+|LGPL-2.1+|LGPL-2.1+|or|GPL-2+|or|MPL-1.1|LGPL-2.1+|or|MPL-1.1|or|GPL-2+|MPL-1.1|custom-sil-open-font-license|public-domain,1.3.11-2,NULL
libgssapi-krb5-2:amd64,GPL-2,1.16-2ubuntu0.1,NULL
libgssapi3-heimdal:amd64,BSD-3-clause|GPL-2+|custom|none,7.5.0+dfsg-1,NULL
libgtk-3-0:amd64,Apache-2.0|Expat|LGPL-2+|LGPL-2+|or|SWL|LGPL-2.1+|SWL|other,3.22.30-1ubuntu4,NULL
libgtk-3-bin,Apache-2.0|Expat|LGPL-2+|LGPL-2+|or|SWL|LGPL-2.1+|SWL|other,3.22.30-1ubuntu4,bionic-updates|now
libgtk-3-common,Apache-2.0|Expat|LGPL-2+|LGPL-2+|or|SWL|LGPL-2.1+|SWL|other,3.22.30-1ubuntu4,bionic-updates|now
libharfbuzz0b:amd64,MIT,1.7.2-1ubuntu1,NULL
libhcrypto4-heimdal:amd64,BSD-3-clause|GPL-2+|custom|none,7.5.0+dfsg-1,NULL
libheimbase1-heimdal:amd64,BSD-3-clause|GPL-2+|custom|none,7.5.0+dfsg-1,NULL
libheimntlm0-heimdal:amd64,BSD-3-clause|GPL-2+|custom|none,7.5.0+dfsg-1,NULL
libhogweed4:amd64,GAP|GPL-2|GPL-2+|GPL-2+|with|Autoconf|exception|LGPL-2+|LGPL-2.1+|other|public-domain,3.4-1,NULL
libhx509-5-heimdal:amd64,BSD-3-clause|GPL-2+|custom|none,7.5.0+dfsg-1,NULL
libice6:amd64,unknown,2:1.0.9-2,NULL
libicu60:amd64,unknown,60.2-3ubuntu3,NULL
libid3tag0:amd64,GPL,0.15.1b-13,NULL
libidn11:amd64,GAP|GFDL-1.3+|GPL-3+|LGPL-2.1+|LGPL-3+|or|GPL-2+,1.33-2.1ubuntu1.2,NULL
libidn2-0:amd64,GPL-2+|GPL-3+|LGPL-3+|LGPL-3+|or|GPL-2+|Unicode,2.0.4-1.1ubuntu0.2,NULL
libimlib2:amd64,imlib2-license,1.4.10-1,NULL
libip4tc0:amd64,Artistic-2|GPL-2|GPL-2+|custom,1.6.1-2ubuntu2,NULL
libip6tc0:amd64,Artistic-2|GPL-2|GPL-2+|custom,1.6.1-2ubuntu2,NULL
libiptc0:amd64,Artistic-2|GPL-2|GPL-2+|custom,1.6.1-2ubuntu2,NULL
libirs160:amd64,BSD-2-clause|BSD-3-clause|BSD-4-clause|ISC|ISC|or|MPL-2.0|MPL-2.0|MPL-2.0|or|ISC,1:9.11.3+dfsg-1ubuntu1.11,NULL
libisc-export169:amd64,BSD-2-clause|BSD-3-clause|BSD-4-clause|ISC|ISC|or|MPL-2.0|MPL-2.0|MPL-2.0|or|ISC,1:9.11.3+dfsg-1ubuntu1.11,NULL
libisc169:amd64,BSD-2-clause|BSD-3-clause|BSD-4-clause|ISC|ISC|or|MPL-2.0|MPL-2.0|MPL-2.0|or|ISC,1:9.11.3+dfsg-1ubuntu1.11,NULL
libisccc160:amd64,BSD-2-clause|BSD-3-clause|BSD-4-clause|ISC|ISC|or|MPL-2.0|MPL-2.0|MPL-2.0|or|ISC,1:9.11.3+dfsg-1ubuntu1.11,NULL
libisccfg160:amd64,BSD-2-clause|BSD-3-clause|BSD-4-clause|ISC|ISC|or|MPL-2.0|MPL-2.0|MPL-2.0|or|ISC,1:9.11.3+dfsg-1ubuntu1.11,NULL
libisns0:amd64,Expat|LGPL-2.1+,0.97-2build1,NULL
libjbig0:amd64,GPL-2+,2.1-3.1build1,NULL
libjemalloc1,BSD-2-Clause|BSD-3-Clause|BSD-3-Clause-Google|BSD-3-Clause-Hiroshima-University|Expat|GPL-2.0+,3.6.0-11,bionic|now
libjpeg-turbo8:amd64,LGPL-2.1,1.5.2-0ubuntu5.18.04.3,NULL
libjpeg8:amd64,LGPL-2.1,8c-2ubuntu8,NULL
libjs-jquery,BSD-3-clause|GPL-2|GPL-2|or|MIT|MIT|MIT|or|BSD-3-clause|or|GPL-2,3.2.1-1,bionic|now
libjs-sphinxdoc,BSD-2-clause|BSD-3-clause|Expat|PSF-2|etree13|public-domain,1.6.7-1ubuntu1,bionic|now
libjs-underscore,BSD-3-clause|Expat|GPL-3+,1.8.3~dfsg-1,bionic|now
libjson-c3:amd64,MIT,0.12.1-1.3,NULL
libjson-glib-1.0-0:amd64,LGPL-2.1+,1.4.2-3,NULL
libjson-glib-1.0-common,LGPL-2.1+,1.4.2-3,bionic|now
libk5crypto3:amd64,GPL-2,1.16-2ubuntu0.1,NULL
libkeyutils1:amd64,GPL-2+|LGPL-2+,1.5.9-9.2ubuntu2,NULL
libklibc,GPL-2,2.0.4-9ubuntu2,bionic|now
libkmod2:amd64,GPL-2|LGPL-2.1,24-1ubuntu3.2,NULL
libkrb5-26-heimdal:amd64,BSD-3-clause|GPL-2+|custom|none,7.5.0+dfsg-1,NULL
libkrb5-3:amd64,GPL-2,1.16-2ubuntu0.1,NULL
libkrb5support0:amd64,GPL-2,1.16-2ubuntu0.1,NULL
libksba8:amd64,GPL-3,1.3.5-2,NULL
liblcms2-2:amd64,GPL-2+|MIT,2.9-1ubuntu0.1,NULL
libldap-2.4-2:amd64,unknown,2.4.45+dfsg-1ubuntu1.4,NULL
libldap-common,unknown,2.4.45+dfsg-1ubuntu1.4,bionic-updates|now
libllvm9:amd64,APACHE-2-LLVM-EXCEPTIONS|Apple|BSD-3-Clause|BSD-3-clause|Expat|MIT|Python|U-OF-I-BSD-LIKE|or|MIT|public-domain|solar-public-domain,1:9-2~ubuntu18.04.2,NULL
liblocale-gettext-perl,Artistic|Artistic|or|GPL-1+|GPL-1+,1.07-3build2,bionic|now
libluajit-5.1-2:amd64,MIT/X|PD,2.1.0~beta3+dfsg-5.1,NULL
libluajit-5.1-common,MIT/X|PD,2.1.0~beta3+dfsg-5.1,bionic|now
liblvm2app2.2:amd64,GPL-2|LGPL-2.1,2.02.176-4.1ubuntu3.18.04.2,NULL
liblvm2cmd2.02:amd64,GPL-2|LGPL-2.1,2.02.176-4.1ubuntu3.18.04.2,NULL
liblwres160:amd64,BSD-2-clause|BSD-3-clause|BSD-4-clause|ISC|ISC|or|MPL-2.0|MPL-2.0|MPL-2.0|or|ISC,1:9.11.3+dfsg-1ubuntu1.11,NULL
liblxc-common,BSD-2-clause|GPL-2|LGPL-2.1+,3.0.3-0ubuntu1~18.04.1,bionic-updates|now
liblxc1,BSD-2-clause|GPL-2|LGPL-2.1+,3.0.3-0ubuntu1~18.04.1,bionic-updates|now
liblz4-1:amd64,BSD-2-clause|GPL-2+,0.0~r131-2ubuntu3,NULL
liblzma5:amd64,Autoconf|GPL-2|GPL-2+|LGPL-2.1+|PD|PD-debian|config-h|noderivs|none|permissive-fsf|permissive-nowarranty|probably-PD,5.2.2-1.3,NULL
liblzo2-2:amd64,GPL-2,2.08-1.2,NULL
libmagic-mgc,BSD-2-Clause-alike|BSD-2-Clause-netbsd|BSD-2-Clause-regents|MIT-Old-Style-with-legal-disclaimer-2|public-domain,1:5.32-2ubuntu0.3,bionic-updates|bionic-security|now
libmagic1:amd64,BSD-2-Clause-alike|BSD-2-Clause-netbsd|BSD-2-Clause-regents|MIT-Old-Style-with-legal-disclaimer-2|public-domain,1:5.32-2ubuntu0.3,NULL
libmnl0:amd64,GPL-2+|LGPL-2.1,1.0.4-2,NULL
libmount1:amd64,BSD-2-clause|BSD-3-clause|BSD-4-clause|GPL-2|GPL-2+|GPL-3+|LGPL|LGPL-2+|LGPL-2.1+|LGPL-3+|MIT|public-domain,2.31.1-0.4ubuntu3.5,NULL
libmpdec2:amd64,BSD|GPL-2+,2.4.2-1ubuntu1,NULL
libmpfr6:amd64,GFDL-1.2|LGPL-3,4.0.1-1,NULL
libmsgpackc2:amd64,Boost-1|GPL-2+|GPL-3|MIT/X11,2.1.5-1,NULL
libmspack0:amd64,LGPL-2.1,0.6-3ubuntu0.3,NULL
libncurses5:amd64,unknown,6.1-1ubuntu1.18.04,NULL
libncursesw5:amd64,unknown,6.1-1ubuntu1.18.04,NULL
libnet-ssleay-perl,Artistic|Artistic|or|GPL-1+|Artistic-2.0|GPL-1+,1.84-1ubuntu0.2,bionic-updates|bionic-security|now
libnetfilter-conntrack3:amd64,GPL-2+,1.0.6-2,NULL
libnettle6:amd64,GAP|GPL-2|GPL-2+|GPL-2+|with|Autoconf|exception|LGPL-2+|LGPL-2.1+|other|public-domain,3.4-1,NULL
libnewt0.52:amd64,LGPL-2,0.52.20-1ubuntu1,NULL
libnfnetlink0:amd64,GPL,1.0.1-3,NULL
libnghttp2-14:amd64,BSD-2-clause|Expat|GPL-3+|with|autoconf|exception|MIT|SIL-OFL-1.1|all-permissive,1.30.0-1ubuntu1,NULL
libnih1:amd64,GPL-2,1.0.3-6ubuntu2,NULL
libnpth0:amd64,LGPL-2.1+,1.5-3,NULL
libnss-systemd:amd64,CC0-1.0|Expat|GPL-2|GPL-2+|LGPL-2.1+|public-domain,237-3ubuntu10.39,NULL
libntfs-3g88,GPL-2+|LGPL-2+,1:2017.3.23-2ubuntu0.18.04.2,bionic-updates|bionic-security|now
libnuma1:amd64,GPL|LGPL,2.0.11-2.1ubuntu0.1,NULL
libogg0:amd64,unknown,1.3.2-1,NULL
libp11-kit0:amd64,BSD-3-Clause|ISC|ISC+IBM|permissive-like-automake-output|same-as-rest-of-p11kit,0.23.9-2,NULL
libpam-cap:amd64,BSD-3-clause|BSD-3-clause|or|GPL-2|BSD-3-clause|or|GPL-2+|GPL-2|GPL-2+,1:2.25-1.2,NULL
libpam-modules:amd64,GPL,1.1.8-3.6ubuntu2.18.04.1,NULL
libpam-modules-bin,GPL,1.1.8-3.6ubuntu2.18.04.1,bionic-updates|now
libpam-runtime,GPL,1.1.8-3.6ubuntu2.18.04.1,bionic-updates|now
libpam-systemd:amd64,CC0-1.0|Expat|GPL-2|GPL-2+|LGPL-2.1+|public-domain,237-3ubuntu10.39,NULL
libpam0g:amd64,GPL,1.1.8-3.6ubuntu2.18.04.1,NULL
libpango-1.0-0:amd64,LGPL-2|LGPL-2.1,1.40.14-1ubuntu0.1,NULL
libpangocairo-1.0-0:amd64,LGPL-2|LGPL-2.1,1.40.14-1ubuntu0.1,NULL
libpangoft2-1.0-0:amd64,LGPL-2|LGPL-2.1,1.40.14-1ubuntu0.1,NULL
libparted2:amd64,GPL-3,3.2-20ubuntu0.2,NULL
libpcap0.8:amd64,BSD|license,1.8.1-6ubuntu1.18.04.1,NULL
libpci3:amd64,unknown,1:3.5.2-1ubuntu1.1,NULL
libpciaccess0:amd64,GPL,0.14-1,NULL
libpcre3:amd64,BSD"|LICENCE|"BSD"|License",2:8.39-9,NULL
libperl5.26:amd64,Artistic|Artistic|or|GPL-1+|or|Artistic-dist|Artistic-2|Artistic-dist|BSD-3-clause|BSD-3-clause-GENERIC|BSD-3-clause-with-weird-numbering|BSD-4-clause-POWERDOG|BZIP|CC0-1.0|DONT-CHANGE-THE-GPL|Expat|Expat|or|GPL-1+|or|Artistic|GPL-1+|GPL-1+|or|Artistic|GPL-1+|or|Artistic|or|Artistic-dist|GPL-1+|or|Artistic,|GPL-2+|GPL-2+|or|Artistic|GPL-3+-WITH-BISON-EXCEPTION|HSIEH-BSD|HSIEH-DERIVATIVE|LGPL-2.1|REGCOMP|REGCOMP,|RRA-KEEP-THIS-NOTICE|S2P|SDBM-PUBLIC-DOMAIN|TEXT-TABS|Unicode|ZLIB,5.26.1-6ubuntu0.3,NULL
libpipeline1:amd64,GPL-2+|GPL-3+,1.5.0-1,NULL
libpixman-1-0:amd64,MIT|license,0.34.0-2,NULL
libplymouth4:amd64,GPL-2+|other,0.9.3-1ubuntu7.18.04.2,NULL
libpng16-16:amd64,Apache-2.0|BSD-3-clause|BSD-like-with-advertising-clause|GPL-2+|GPL-2+|or|BSD-like-with-advertising-clause|expat|libpng|libpng|OR|Apache-2.0|OR|BSD-3-clause,1.6.34-1ubuntu0.18.04.2,NULL
libpolkit-agent-1-0:amd64,Apache-2.0|LGPL-2.0+,0.105-20ubuntu0.18.04.5,NULL
libpolkit-backend-1-0:amd64,Apache-2.0|LGPL-2.0+,0.105-20ubuntu0.18.04.5,NULL
libpolkit-gobject-1-0:amd64,Apache-2.0|LGPL-2.0+,0.105-20ubuntu0.18.04.5,NULL
libpopt0:amd64,GPL-2+|X-Consortium,1.16-11,NULL
libprocps6:amd64,GPL-2.0+|LGPL-2.0+|LGPL-2.1+,2:3.3.12-3ubuntu1.2,NULL
libproxy1v5:amd64,GPL|LGPL-2.1,0.4.15-1,NULL
libpsl5:amd64,Chromium|MIT,0.19.1-5build1,NULL
libpulse0:amd64,GPL-2|LGPL-2|LGPL-2.1,1:11.1-1ubuntu7.4,NULL
libpulsedsp:amd64,GPL-2|LGPL-2|LGPL-2.1,1:11.1-1ubuntu7.4,NULL
libpython-stdlib:amd64,GPL-compatible|GPL-compatible|licenses,2.7.15~rc1-1,NULL
libpython2.7-minimal:amd64,Apache-2.0|GPL-2,2.7.17-1~18.04,NULL
libpython2.7-stdlib:amd64,Apache-2.0|GPL-2,2.7.17-1~18.04,NULL
libpython3-stdlib:amd64,GPL-compatible|GPL-compatible|licenses,3.6.7-1~18.04,NULL
libpython3.6:amd64,GPL-2,3.6.9-1~18.04,NULL
libpython3.6-minimal:amd64,GPL-2,3.6.9-1~18.04,NULL
libpython3.6-stdlib:amd64,GPL-2,3.6.9-1~18.04,NULL
libreadline5:amd64,GPL-2,5.2+dfsg-3build1,NULL
libreadline7:amd64,GFDL|GPL-3,7.0-3,NULL
librest-0.7-0:amd64,GPL-2+|LGPL-2.1,0.8.0-2,NULL
libroken18-heimdal:amd64,BSD-3-clause|GPL-2+|custom|none,7.5.0+dfsg-1,NULL
librsvg2-2:amd64,GPL-2+|LGPL-2+,2.40.20-2,NULL
librsvg2-common:amd64,GPL-2+|LGPL-2+,2.40.20-2,NULL
librtmp1:amd64,GPL-2|LGPL-2.1,2.4+20151223.gitfa8646d.1-1,NULL
libsasl2-2:amd64,BSD-4-clause|GPL-3+,2.1.27~101-g0780600+dfsg-3ubuntu2.1,NULL
libsasl2-modules:amd64,BSD-4-clause|GPL-3+,2.1.27~101-g0780600+dfsg-3ubuntu2.1,NULL
libsasl2-modules-db:amd64,BSD-4-clause|GPL-3+,2.1.27~101-g0780600+dfsg-3ubuntu2.1,NULL
libseccomp2:amd64,LGPL-2.0+,2.4.1-0ubuntu0.18.04.2,NULL
libselinux1:amd64,GPL-2|LGPL-2.1,2.7-2build2,NULL
libsemanage-common,GPL|LGPL,2.7-2build2,bionic|now
libsemanage1:amd64,GPL|LGPL,2.7-2build2,NULL
libsensors4:amd64,GPL|GPL-2,1:3.4.0-4,NULL
libsepol1:amd64,GPL|LGPL,2.7-1,NULL
libsigsegv2:amd64,GPL-2+|GPL-2+|with|Autoconf|exception|permissive-fsf|permissive-other,2.12-1,NULL
libslang2:amd64,GPL-2+,2.3.1a-3ubuntu1,NULL
libsm6:amd64,unknown,2:1.2.2-1,NULL
libsmartcols1:amd64,BSD-2-clause|BSD-3-clause|BSD-4-clause|GPL-2|GPL-2+|GPL-3+|LGPL|LGPL-2+|LGPL-2.1+|LGPL-3+|MIT|public-domain,2.31.1-0.4ubuntu3.5,NULL
libsndfile1:amd64,Apache-2.0|BSD-3-clause|FSFAP|GPL-2+|LGPL-2+|LGPL-2.1+|gsm|sun,1.0.28-4ubuntu0.18.04.1,NULL
libsoup-gnome2.4-1:amd64,LGPL-2+,2.62.1-1ubuntu0.4,NULL
libsoup2.4-1:amd64,LGPL-2+,2.62.1-1ubuntu0.4,NULL
libsqlite3-0:amd64,GPL-2+|public-domain,3.22.0-1ubuntu0.2,NULL
libss2:amd64,unknown,1.44.1-1ubuntu1.3,NULL
libssl1.0.0:amd64,BSD-style,1.0.2n-1ubuntu5.3,NULL
libssl1.1:amd64,BSD-style,1.1.1-1ubuntu2.1~18.04.5,NULL
libstdc++6:amd64,Artistic|GFDL-1.2|GPL|GPL-2|GPL-3|LGPL,8.3.0-6ubuntu1~18.04.1,NULL
libstoken1:amd64,BSD-3-clause|LGPL-2.1+,0.92-1,NULL
libsystemd0:amd64,CC0-1.0|Expat|GPL-2|GPL-2+|LGPL-2.1+|public-domain,237-3ubuntu10.39,NULL
libtasn1-6:amd64,GFDL-1.3|GPL-3|LGPL|LGPL-2.1,4.13-2,NULL
libtermkey1:amd64,MIT,0.20-3,NULL
libtext-charwidth-perl,Artistic|GPL-2,0.04-7.1,bionic|now
libtext-iconv-perl,Artistic|GPL-2,1.7-5build6,bionic|now
libtext-wrapi18n-perl,Artistic|GPL,0.06-7.1,bionic|now
libthai-data,GPL-2+|LGPL-2.1+,0.1.27-2,bionic|now
libthai0:amd64,GPL-2+|LGPL-2.1+,0.1.27-2,NULL
libtiff5:amd64,Hylafax,4.0.9-5ubuntu0.3,NULL
libtinfo5:amd64,unknown,6.1-1ubuntu1.18.04,NULL
libtomcrypt1:amd64,GPL-3|WTFPL-2|public-domain|public-domain|or|WTFPL-2,1.18.1-1ubuntu0.1,NULL
libtommath1:amd64,public-domain,1.0.1-1,NULL
libudev1:amd64,CC0-1.0|Expat|GPL-2|GPL-2+|LGPL-2.1+|public-domain,237-3ubuntu10.39,NULL
libunibilium4:amd64,LGPL-3+|MIT,2.0.0-2,NULL
libunistring2:amd64,FreeSoftware|GFDL-1.2+|GPL-2+|GPL-2+|with|distribution|exception|GPL-3+|GPL-3+|or|GFDL-1.2+|LGPL-3+|LGPL-3+|or|GPL-2+|MIT,0.9.9-0ubuntu2,NULL
libunwind8:amd64,Expat|GPL-2+,1.2.1-8,NULL
libusb-1.0-0:amd64,GPL-2|LGPL-2.1,2:1.0.21-2,NULL
libutempter0:amd64,GPL-3|LGPL-2.1|LGPL-3,1.1.6-3,NULL
libuuid1:amd64,BSD-2-clause|BSD-3-clause|BSD-4-clause|GPL-2|GPL-2+|GPL-3+|LGPL|LGPL-2+|LGPL-2.1+|LGPL-3+|MIT|public-domain,2.31.1-0.4ubuntu3.5,NULL
libuv1:amd64,BSD-1-clause|BSD-2-clause|BSD-3-clause|Expat|ISC,1.18.0-3,NULL
libvorbis0a:amd64,unknown,1.3.5-4.2,NULL
libvorbisenc2:amd64,unknown,1.3.5-4.2,NULL
libvterm0:amd64,MIT|permissive,0~bzr715-1,NULL
libwayland-client0:amd64,X11,1.16.0-1ubuntu1.1~18.04.3,NULL
libwayland-cursor0:amd64,X11,1.16.0-1ubuntu1.1~18.04.3,NULL
libwayland-egl1:amd64,X11,1.16.0-1ubuntu1.1~18.04.3,NULL
libwhisker2-perl,GPL,2.5-1,bionic|now
libwind0-heimdal:amd64,BSD-3-clause|GPL-2+|custom|none,7.5.0+dfsg-1,NULL
libwrap0:amd64,unknown,7.6.q-27,NULL
libx11-6:amd64,MIT|license,2:1.6.4-3ubuntu0.2,NULL
libx11-data,MIT|license,2:1.6.4-3ubuntu0.2,bionic-updates|now
libx11-xcb1:amd64,MIT|license,2:1.6.4-3ubuntu0.2,NULL
libxau6:amd64,unknown,1:1.0.8-1,NULL
libxaw7:amd64,unknown,2:1.0.13-1,NULL
libxcb-dri2-0:amd64,unknown,1.13-2~ubuntu18.04,NULL
libxcb-dri3-0:amd64,unknown,1.13-2~ubuntu18.04,NULL
libxcb-glx0:amd64,unknown,1.13-2~ubuntu18.04,NULL
libxcb-present0:amd64,unknown,1.13-2~ubuntu18.04,NULL
libxcb-render0:amd64,unknown,1.13-2~ubuntu18.04,NULL
libxcb-shape0:amd64,unknown,1.13-2~ubuntu18.04,NULL
libxcb-shm0:amd64,unknown,1.13-2~ubuntu18.04,NULL
libxcb-sync1:amd64,unknown,1.13-2~ubuntu18.04,NULL
libxcb1:amd64,unknown,1.13-2~ubuntu18.04,NULL
libxcomposite1:amd64,unknown,1:0.4.4-2,NULL
libxcursor1:amd64,unknown,1:1.1.15-1,NULL
libxdamage1:amd64,unknown,1:1.1.4-3,NULL
libxdmcp6:amd64,unknown,1:1.1.2-3,NULL
libxext6:amd64,unknown,2:1.3.3-1,NULL
libxfixes3:amd64,unknown,1:5.0.3-1,NULL
libxft2:amd64,unknown,2.3.2-1,NULL
libxi6:amd64,unknown,2:1.7.9-1,NULL
libxinerama1:amd64,unknown,2:1.1.3-1,NULL
libxkbcommon0:amd64,unknown,0.8.2-1~ubuntu18.04.1,NULL
libxml2:amd64,ISC|MIT-1,2.9.4+dfsg1-6.1ubuntu1.3,NULL
libxmlsec1:amd64,unknown,1.2.25-1build1,NULL
libxmlsec1-openssl:amd64,unknown,1.2.25-1build1,NULL
libxmu6:amd64,unknown,2:1.1.2-2,NULL
libxmuu1:amd64,unknown,2:1.1.2-2,NULL
libxpm4:amd64,unknown,1:3.5.12-1,NULL
libxrandr2:amd64,unknown,2:1.5.1-1,NULL
libxrender1:amd64,unknown,1:0.9.10-1,NULL
libxshmfence1:amd64,unknown,1.3-1,NULL
libxslt1.1:amd64,unknown,1.1.29-5ubuntu0.2,NULL
libxt6:amd64,unknown,1:1.1.5-1,NULL
libxtables12:amd64,Artistic-2|GPL-2|GPL-2+|custom,1.6.1-2ubuntu2,NULL
libxtst6:amd64,unknown,2:1.2.3-1,NULL
libxv1:amd64,
,2:1.0.11-1,NULL
libxxf86dga1:amd64,unknown,2:1.1.4-1,NULL
libxxf86vm1:amd64,unknown,1:1.1.4-1,NULL
libyaml-0-2:amd64,Expat|permissive,0.1.7-2ubuntu3,NULL
libzstd1:amd64,BSD-3-clause-with-patent-grant|Expat|GPL-2|GPL-2+|zlib,1.3.3+dfsg-2ubuntu1.1,NULL
links,GPL-2+|with|OpenSSL|exception|MPL-2.0,2.14-5build1,bionic|now
linux-base,GPL-2,4.5ubuntu1,bionic|now
locales,GPL-2|LGPL-2.1,2.27-3ubuntu1,bionic|now
login,GPL-2,1:4.5-1ubuntu2,bionic-updates|now
logrotate,GPL-2,3.11.0-0.1ubuntu1,bionic|now
lsb-base,BSD-3-clause|GPL-2,9.20170808ubuntu1,bionic|now
lsb-release,BSD-3-clause|GPL-2,9.20170808ubuntu1,bionic|now
lshw,GPL,02.18-0.1ubuntu6.18.04.1,bionic-updates|now
lsof,BSD-4-clause|GPL-2+|LGPL-2+|Purdue|sendmail,4.89+dfsg-0.1,bionic|now
ltrace,GPL,0.7.3-6ubuntu1,bionic|now
lvm2,GPL-2|LGPL-2.1,2.02.176-4.1ubuntu3.18.04.2,bionic-updates|now
lxcfs,Apache-2,3.0.3-0ubuntu1~18.04.1,bionic-updates|now
lxd,Apache-2|BSD-2-clause|BSD-3-clause|Expat|LGPL-2.1|with|static|linking|exception|LGPL-3|with|static|linking|exception,3.0.3-0ubuntu1~18.04.1,bionic-updates|now
lxd-client,Apache-2|BSD-2-clause|BSD-3-clause|Expat|LGPL-2.1|with|static|linking|exception|LGPL-3|with|static|linking|exception,3.0.3-0ubuntu1~18.04.1,bionic-updates|now
man-db,GPL-2+|GPL-3+,2.8.3-2ubuntu0.1,bionic-updates|now
manpages,BSD-3-clause|BSD-4-clause|Expat|GPL-2|GPL-2+|LDPv1|freely-redistributable|henry-spencer-regex|public-domain|verbatim,4.15-1,bionic|now
mawk,GPL-2,1.3.3-17ubuntu3,bionic|now
mdadm,GPL-2,4.1~rc1-3~ubuntu18.04.4,bionic-updates|now
mime-support,Bellcore|ad-hoc,3.60ubuntu1,bionic|now
mlocate,GPL-2,0.26-2ubuntu3.1,bionic|now
mount,BSD-2-clause|BSD-3-clause|BSD-4-clause|GPL-2|GPL-2+|GPL-3+|LGPL|LGPL-2+|LGPL-2.1+|LGPL-3+|MIT|public-domain,2.31.1-0.4ubuntu3.5,bionic-updates|now
mtr-tiny,GPL-2+,0.92-1,bionic|now
multiarch-support,GPL-2|LGPL-2.1,2.27-3ubuntu1,bionic|now
nano,GFDL-NIV+|GFDL-NIV+|or|GPL-3+|GPL-3+,2.9.3-2,bionic|now
ncurses-base,unknown,6.1-1ubuntu1.18.04,bionic-updates|now
ncurses-bin,unknown,6.1-1ubuntu1.18.04,bionic-updates|now
ncurses-term,unknown,6.1-1ubuntu1.18.04,bionic-updates|now
neovim,Apache|BSD-2-clause|Expat|GPL-2|ISC|Kitware|Unicode|Vim|Vim-Regexp|clint,0.2.2-3,bionic|now
neovim-runtime,Apache|BSD-2-clause|Expat|GPL-2|ISC|Kitware|Unicode|Vim|Vim-Regexp|clint,0.2.2-3,bionic|now
net-tools,GPL-2,1.60+git20161116.90da8a0-1ubuntu1,bionic|now
netbase,GPL-2,5.4,bionic|now
netcat-openbsd,BSD-2-Clause|BSD-3-Clause,1.187-1ubuntu0.1,bionic-updates|now
netplan.io,GPL-3,0.98-0ubuntu1~18.04.1,bionic-updates|now
networkd-dispatcher,GPL-3+,1.7-0ubuntu3.3,bionic-updates|now
nikto,GPL,1:2.1.5-2,bionic|now
nplan,GPL-3,0.98-0ubuntu1~18.04.1,bionic-updates|now
ntfs-3g,GPL-2+|LGPL-2+,1:2017.3.23-2ubuntu0.18.04.2,bionic-updates|bionic-security|now
open-iscsi,BSD-3-clause-1|BSD-3-clause-2|BSD-4-clause|GPL-2|GPL-2+|GPL-2+|with|Bison|exception|Patches-GPL-2+-or-BSD-4-clause|public-domain,2.0.874-5ubuntu2.7,bionic-updates|now
open-vm-tools,BSD-3|GPL-2|GPL-2+|LGPL-2.1|MIT(*)|MIT(**),2:11.0.1-2ubuntu0.18.04.2,bionic-updates|now
openssh-client,BSD-2-clause|BSD-3-clause|Beer-ware|Expat-with-advertising-restriction|Mazieres-BSD-style|OpenSSH|Powell-BSD-style|public-domain,1:7.6p1-4ubuntu0.3,bionic-updates|bionic-security|now
openssh-server,BSD-2-clause|BSD-3-clause|Beer-ware|Expat-with-advertising-restriction|Mazieres-BSD-style|OpenSSH|Powell-BSD-style|public-domain,1:7.6p1-4ubuntu0.3,bionic-updates|bionic-security|now
openssh-sftp-server,BSD-2-clause|BSD-3-clause|Beer-ware|Expat-with-advertising-restriction|Mazieres-BSD-style|OpenSSH|Powell-BSD-style|public-domain,1:7.6p1-4ubuntu0.3,bionic-updates|bionic-security|now
openssl,BSD-style,1.1.1-1ubuntu2.1~18.04.5,bionic-updates|bionic-security|now
overlayroot,GPL-3.0+,0.40ubuntu1.1,bionic-updates|now
parted,GPL-3,3.2-20ubuntu0.2,bionic-updates|now
passwd,GPL-2,1:4.5-1ubuntu2,bionic-updates|now
pastebinit,GPL-2,1.5-2,bionic|now
patch,GPL,2.7.6-2ubuntu1.1,bionic-updates|bionic-security|now
pciutils,unknown,1:3.5.2-1ubuntu1.1,bionic-updates|now
perl,Artistic|Artistic|or|GPL-1+|or|Artistic-dist|Artistic-2|Artistic-dist|BSD-3-clause|BSD-3-clause-GENERIC|BSD-3-clause-with-weird-numbering|BSD-4-clause-POWERDOG|BZIP|CC0-1.0|DONT-CHANGE-THE-GPL|Expat|Expat|or|GPL-1+|or|Artistic|GPL-1+|GPL-1+|or|Artistic|GPL-1+|or|Artistic|or|Artistic-dist|GPL-1+|or|Artistic,|GPL-2+|GPL-2+|or|Artistic|GPL-3+-WITH-BISON-EXCEPTION|HSIEH-BSD|HSIEH-DERIVATIVE|LGPL-2.1|REGCOMP|REGCOMP,|RRA-KEEP-THIS-NOTICE|S2P|SDBM-PUBLIC-DOMAIN|TEXT-TABS|Unicode|ZLIB,5.26.1-6ubuntu0.3,bionic-updates|bionic-security|now
perl-base,Artistic|Artistic|or|GPL-1+|or|Artistic-dist|Artistic-2|Artistic-dist|BSD-3-clause|BSD-3-clause-GENERIC|BSD-3-clause-with-weird-numbering|BSD-4-clause-POWERDOG|BZIP|CC0-1.0|DONT-CHANGE-THE-GPL|Expat|Expat|or|GPL-1+|or|Artistic|GPL-1+|GPL-1+|or|Artistic|GPL-1+|or|Artistic|or|Artistic-dist|GPL-1+|or|Artistic,|GPL-2+|GPL-2+|or|Artistic|GPL-3+-WITH-BISON-EXCEPTION|HSIEH-BSD|HSIEH-DERIVATIVE|LGPL-2.1|REGCOMP|REGCOMP,|RRA-KEEP-THIS-NOTICE|S2P|SDBM-PUBLIC-DOMAIN|TEXT-TABS|Unicode|ZLIB,5.26.1-6ubuntu0.3,bionic-updates|bionic-security|now
perl-modules-5.26,Artistic|Artistic|or|GPL-1+|or|Artistic-dist|Artistic-2|Artistic-dist|BSD-3-clause|BSD-3-clause-GENERIC|BSD-3-clause-with-weird-numbering|BSD-4-clause-POWERDOG|BZIP|CC0-1.0|DONT-CHANGE-THE-GPL|Expat|Expat|or|GPL-1+|or|Artistic|GPL-1+|GPL-1+|or|Artistic|GPL-1+|or|Artistic|or|Artistic-dist|GPL-1+|or|Artistic,|GPL-2+|GPL-2+|or|Artistic|GPL-3+-WITH-BISON-EXCEPTION|HSIEH-BSD|HSIEH-DERIVATIVE|LGPL-2.1|REGCOMP|REGCOMP,|RRA-KEEP-THIS-NOTICE|S2P|SDBM-PUBLIC-DOMAIN|TEXT-TABS|Unicode|ZLIB,5.26.1-6ubuntu0.3,bionic-updates|bionic-security|now
perl-openssl-defaults:amd64,Artistic|Artistic|or|GPL-1+|GPL-1+,3build1,NULL
pinentry-curses,GPL-2|GPL-2+|LGPL-3+|LGPL-3+|or|GPL-2+|X11,1.1.0-1,bionic|now
plymouth,GPL-2+|other,0.9.3-1ubuntu7.18.04.2,bionic-updates|now
plymouth-theme-ubuntu-text,GPL-2+|other,0.9.3-1ubuntu7.18.04.2,bionic-updates|now
policykit-1,Apache-2.0|LGPL-2.0+,0.105-20ubuntu0.18.04.5,bionic-updates|bionic-security|now
pollinate,GPL-3,4.33-0ubuntu1~18.04.1,bionic-updates|now
popularity-contest,GPL,1.66ubuntu1,bionic|now
powermgmt-base,GPL-2+,1.33,bionic|now
procps,GPL-2.0+|LGPL-2.0+|LGPL-2.1+,2:3.3.12-3ubuntu1.2,bionic-updates|now
psmisc,GPL-2+,23.1-1ubuntu0.1,bionic-updates|now
publicsuffix,CC0|MPL-2.0,20180223.1310-1,bionic|now
pulseaudio-utils,GPL-2|LGPL-2|LGPL-2.1,1:11.1-1ubuntu7.4,bionic-updates|now
python,GPL-compatible|GPL-compatible|licenses,2.7.15~rc1-1,bionic|now
python-apt-common,GPL-2+|Permissive,1.6.5ubuntu0.2,bionic-updates|bionic-security|now
python-asn1crypto,Expat,0.24.0-1,bionic|now
python-beautifulsoup,bsdish,3.2.1-1,bionic|now
python-certifi,GPL-2|MPL-2,2018.1.18-2,bionic|now
python-cffi-backend,Expat,1.11.5-1,bionic|now
python-chardet,LGPL-2.1+,3.0.4-1,bionic|now
python-concurrent.futures,BSD-2-clause|Python-2.0,3.2.0-1,bionic|now
python-cryptography,Apache|Expat,2.1.4-1ubuntu1.3,bionic-updates|bionic-security|now
python-enum34,GPL-3,1.1.6-2,bionic|now
python-greenlet,GPL-3|MIT|PSFL-2,0.4.12-2,bionic|now
python-idna,BSD-3-clause|PSF-2|Unicode,2.6-1,bionic|now
python-ipaddress,Expat|PSF-2,1.0.17-1,bionic|now
python-minimal,GPL-compatible|GPL-compatible|licenses,2.7.15~rc1-1,bionic|now
python-msgpack,Apache-2.0|GPL-2+,0.5.6-1,bionic|now
python-neovim,Apache-2.0,0.2.0-1,bionic|now
python-openssl,Apache|2.0|This|code|is|in|the|public|domain.,17.5.0-1ubuntu1,bionic|now
python-pkg-resources,GPL-compatible|GPL-compatible|licenses,39.0.1-2,bionic|now
python-requests,Apache,2.18.4-2ubuntu0.1,bionic-updates|bionic-security|now
python-six,Expat,1.11.0-2,bionic|now
python-trollius,Apache-2,2.1~b1-5,bionic|now
python-urllib3,Expat|PSF-2,1.22-1ubuntu0.18.04.1,bionic-updates|bionic-security|now
python2.7,Apache-2.0|GPL-2,2.7.17-1~18.04,bionic-updates|now
python2.7-minimal,Apache-2.0|GPL-2,2.7.17-1~18.04,bionic-updates|now
python3,GPL-compatible|GPL-compatible|licenses,3.6.7-1~18.04,bionic-updates|now
python3-apport,GPL-2+,2.20.9-0ubuntu7.9,bionic-updates|bionic-security|now
python3-apt,GPL-2+|Permissive,1.6.5ubuntu0.2,bionic-updates|bionic-security|now
python3-asn1crypto,Expat,0.24.0-1,bionic|now
python3-attr,Expat,17.4.0-2,bionic|now
python3-automat,Expat,0.6.0-1,bionic|now
python3-blinker,BSD|BSD3|Expat,1.4+dfsg1-0.1,bionic|now
python3-certifi,GPL-2|MPL-2,2018.1.18-2,bionic|now
python3-cffi-backend,Expat,1.11.5-1,bionic|now
python3-chardet,LGPL-2.1+,3.0.4-1,bionic|now
python3-click,BSD-3-clause,6.7-3,bionic|now
python3-colorama,BSD-3|GPL-2+,0.3.7-1,bionic|now
python3-commandnotfound,GPL,18.04.5,bionic-updates|now
python3-configobj,BSD-3-clause,5.0.6-2,bionic|now
python3-constantly,CC0|MIT,15.1.0-1,bionic|now
python3-cryptography,Apache|Expat,2.1.4-1ubuntu1.3,bionic-updates|bionic-security|now
python3-dbus,AFL-2.1|Expat|GPL-2+|GPL-2+|or|AFL-2.1,1.2.6-1,bionic|now
python3-debconf,BSD-2-clause,1.5.66ubuntu1,bionic-updates|now
python3-debian,GPL-2+|GPL-3+,0.1.32,bionic|now
python3-distro-info,ISC,0.18ubuntu0.18.04.1,bionic-updates|bionic-security|now
python3-distupgrade,Expat|GPL-2+,1:18.04.37,bionic-updates|now
python3-gdbm:amd64,GPL-compatible|GPL-compatible|licenses,3.6.9-1~18.04,NULL
python3-gi,Expat|LGPL-2.1+,3.26.1-2ubuntu1,bionic-updates|now
python3-greenlet,GPL-3|MIT|PSFL-2,0.4.12-2,bionic|now
python3-httplib2,BSD-3|GPL-2+|GPL-3+|LGPL-2.1+|MIT|MPL-1.1|MPL-1.1|or|GPL-2+|or|LGPL-2.1+,0.9.2+dfsg-1ubuntu0.1,bionic-updates|now
python3-hyperlink,Expat,17.3.1-2,bionic|now
python3-idna,BSD-3-clause|PSF-2|Unicode,2.6-1,bionic|now
python3-incremental,MIT,16.10.1-3,bionic|now
python3-jinja2,GPL,2.10-1ubuntu0.18.04.1,bionic-updates|bionic-security|now
python3-json-pointer,BSD-3-clauses,1.10-1,bionic|now
python3-jsonpatch,BSD-3-clause,1.19+really1.16-1fakesync1,bionic|now
python3-jsonschema,GPL-2+|MIT,2.6.0-2,bionic|now
python3-jwt,Expat,1.5.3+ds1-1,bionic|now
python3-markupsafe,unknown,1.0-1build1,bionic|now
python3-minimal,GPL-compatible|GPL-compatible|licenses,3.6.7-1~18.04,bionic-updates|now
python3-msgpack,Apache-2.0|GPL-2+,0.5.6-1,bionic|now
python3-neovim,Apache-2.0,0.2.0-1,bionic|now
python3-netifaces,MIT-style,0.10.4-0.1build4,bionic|now
python3-newt:amd64,LGPL-2,0.52.20-1ubuntu1,NULL
python3-oauthlib,BSD-3-clause,2.0.6-1,bionic|now
python3-openssl,Apache|2.0|This|code|is|in|the|public|domain.,17.5.0-1ubuntu1,bionic|now
python3-pam,GPL-2,0.4.2-13.2ubuntu4,bionic|now
python3-pkg-resources,GPL-compatible|GPL-compatible|licenses,39.0.1-2,bionic|now
python3-problem-report,GPL-2+,2.20.9-0ubuntu7.9,bionic-updates|bionic-security|now
python3-pyasn1,BSD-2-clause|GPL-2+,0.4.2-3,bionic|now
python3-pyasn1-modules,BSD-2-Clause|BSD-3-Clause,0.2.1-0.2,bionic|now
python3-requests,Apache,2.18.4-2ubuntu0.1,bionic-updates|bionic-security|now
python3-requests-unixsocket,Apache-2,0.1.5-3,bionic|now
python3-serial,unknown,3.4-2,bionic|now
python3-service-identity,Expat,16.0.0-2,bionic|now
python3-six,Expat,1.11.0-2,bionic|now
python3-software-properties,GPL-2|LGPL-2.1,0.96.24.32.12,bionic-updates|now
python3-systemd,LGPL-2.1+,234-1build1,bionic|now
python3-twisted,unknown,17.9.0-2,bionic|now
python3-twisted-bin:amd64,unknown,17.9.0-2,NULL
python3-update-manager,GPL|LGPL,1:18.04.11.10,bionic-updates|now
python3-urllib3,Expat|PSF-2,1.22-1ubuntu0.18.04.1,bionic-updates|bionic-security|now
python3-yaml,unknown,3.12-1build2,bionic|now
python3-zope.interface,Zope-2.1,4.3.2-1build2,bionic|now
python3.6,GPL-2,3.6.9-1~18.04,bionic-updates|now
python3.6-minimal,GPL-2,3.6.9-1~18.04,bionic-updates|now
readline-common,GFDL|GPL-3,7.0-3,bionic|now
rsync,GPL-3,3.1.2-2.1ubuntu1,bionic|now
rsyslog,Apache-2.0|BSD-3-clause|GPL-3.0+|LGPL-3.0+,8.32.0-1ubuntu4,bionic|now
run-one,GPL-3,1.17-0ubuntu1,bionic|now
screen,GPL-3+,4.6.2-1ubuntu1,bionic-updates|now
sed,GPL-3,4.4-2,bionic|now
sensible-utils,All-permissive|GPL-2+|configure|installsh,0.0.12,bionic|now
shared-mime-info,GPL,1.9-2,bionic|now
snapd,GPL-3,2.42.1+18.04,bionic-updates|now
software-properties-common,GPL-2|LGPL-2.1,0.96.24.32.12,bionic-updates|now
sosreport,GPL-2|GPL-2+,3.6-1ubuntu0.18.04.4,bionic-updates|now
squashfs-tools,GPL-2+,1:4.3-6ubuntu0.18.04.1,bionic-updates|now
ssh-import-id,GPL-3,5.7-0ubuntu1.1,bionic-updates|now
stoken,BSD-3-clause|LGPL-2.1+,0.92-1,bionic|now
strace,unknown,4.21-1ubuntu1,bionic|now
sudo,unknown,1.8.21p2-3ubuntu1.2,bionic-updates|bionic-security|now
systemd,CC0-1.0|Expat|GPL-2|GPL-2+|LGPL-2.1+|public-domain,237-3ubuntu10.39,bionic-updates|now
systemd-sysv,CC0-1.0|Expat|GPL-2|GPL-2+|LGPL-2.1+|public-domain,237-3ubuntu10.39,bionic-updates|now
sysvinit-utils,GPL-2,2.88dsf-59.10ubuntu1,bionic|now
tar,GPL-2|GPL-3,1.29b-2ubuntu0.1,bionic-updates|now
tcpdump,4-clause|BSD|license|BSD|license,4.9.3-0ubuntu0.18.04.1,bionic-updates|bionic-security|now
telnet,unknown,0.17-41,bionic|now
time,GPL-2+|freely|redistributable,1.7-25.1build1,bionic|now
tmux,BSD-2|BSD-2.|BSD-3|bsd-poll.c|bsd-poll.h,2.6-3ubuntu0.2,bionic-updates|now
tzdata,public|domain,2019c-0ubuntu0.18.04,bionic-updates|bionic-security|now
ubuntu-advantage-tools,GPL-3.0,17,bionic|now
ubuntu-keyring,GPL,2018.09.18.1~18.04.0,bionic-updates|now
ubuntu-minimal,GPL-2,1.417.4,bionic-updates|now
ubuntu-mono,CC-BY-SA-3.0|GPL-3,16.10+18.04.20181005-0ubuntu1,bionic-updates|now
ubuntu-release-upgrader-core,Expat|GPL-2+,1:18.04.37,bionic-updates|now
ubuntu-server,GPL-2,1.417.4,bionic-updates|now
ubuntu-standard,GPL-2,1.417.4,bionic-updates|now
ubuntu-wsl,GPL-2,1.417.4,bionic-updates|now
ucf,GPL-2,3.0038,bionic|now
udev,CC0-1.0|Expat|GPL-2|GPL-2+|LGPL-2.1+|public-domain,237-3ubuntu10.39,bionic-updates|now
ufw,BSD-3-clause|GPL-3,0.36-0ubuntu0.18.04.1,bionic-updates|now
uidmap,GPL-2,1:4.5-1ubuntu2,bionic-updates|now
unattended-upgrades,GPL-2+,1.1ubuntu1.18.04.13,bionic-updates|now
update-manager-core,GPL|LGPL,1:18.04.11.10,bionic-updates|now
update-notifier-common,unknown,3.192.1.7,bionic-updates|now
ureadahead,GPL-2,0.100.0-21,bionic-updates|now
usbutils,GPL-2,1:007-4build1,bionic|now
util-linux,BSD-2-clause|BSD-3-clause|BSD-4-clause|GPL-2|GPL-2+|GPL-3+|LGPL|LGPL-2+|LGPL-2.1+|LGPL-3+|MIT|public-domain,2.31.1-0.4ubuntu3.5,bionic-updates|now
uuid-runtime,BSD-2-clause|BSD-3-clause|BSD-4-clause|GPL-2|GPL-2+|GPL-3+|LGPL|LGPL-2+|LGPL-2.1+|LGPL-3+|MIT|public-domain,2.31.1-0.4ubuntu3.5,bionic-updates|now
vim,Apache|Apache|or|Expat|Artistic-1|BSD-2-clause|BSD-3-clause|Compaq|Expat|Expat|or|GPL-2|Expat|or|Vim|GPL-1+|GPL-1+|or|Artistic-1|GPL-2|GPL-2+|OPL-1+|SRA|UC|Vim|Vim-Regexp|X11|XPM|public-domain,2:8.0.1453-1ubuntu1.1,bionic-updates|bionic-security|now
vim-common,Apache|Apache|or|Expat|Artistic-1|BSD-2-clause|BSD-3-clause|Compaq|Expat|Expat|or|GPL-2|Expat|or|Vim|GPL-1+|GPL-1+|or|Artistic-1|GPL-2|GPL-2+|OPL-1+|SRA|UC|Vim|Vim-Regexp|X11|XPM|public-domain,2:8.0.1453-1ubuntu1.1,bionic-updates|bionic-security|now
vim-runtime,Apache|Apache|or|Expat|Artistic-1|BSD-2-clause|BSD-3-clause|Compaq|Expat|Expat|or|GPL-2|Expat|or|Vim|GPL-1+|GPL-1+|or|Artistic-1|GPL-2|GPL-2+|OPL-1+|SRA|UC|Vim|Vim-Regexp|X11|XPM|public-domain,2:8.0.1453-1ubuntu1.1,bionic-updates|bionic-security|now
vim-tiny,Apache|Apache|or|Expat|Artistic-1|BSD-2-clause|BSD-3-clause|Compaq|Expat|Expat|or|GPL-2|Expat|or|Vim|GPL-1+|GPL-1+|or|Artistic-1|GPL-2|GPL-2+|OPL-1+|SRA|UC|Vim|Vim-Regexp|X11|XPM|public-domain,2:8.0.1453-1ubuntu1.1,bionic-updates|bionic-security|now
w3m,GPL-3+|with|Autoconf|exception|Ruby|Unicode-Data-Files|X11|X11-install-sh|copyleft-matrix-c|permissive-Str|permissive-aclocal|permissive-configure|permissive-debian|permissive-gitlog2changelog|permissive-matrix-h|permissive-po|public-domain|w3m,0.5.3-36build1,bionic|now
w3m-img,GPL-3+|with|Autoconf|exception|Ruby|Unicode-Data-Files|X11|X11-install-sh|copyleft-matrix-c|permissive-Str|permissive-aclocal|permissive-configure|permissive-debian|permissive-gitlog2changelog|permissive-matrix-h|permissive-po|public-domain|w3m,0.5.3-36build1,bionic|now
wapiti,GPL-2+|MIT|MPL-1.1|MPL-1.1|or|GPL-2+|or|LGPL-2.1+,2.3.0+dfsg-6,bionic|now
wget,GFDL-1.2|GPL-3,1.19.4-1ubuntu2.2,bionic-updates|bionic-security|now
whiptail,LGPL-2,0.52.20-1ubuntu1,bionic|now
whois,GPL-2,5.3.0,bionic|now
wslu,CC-BY-3.0|Custom|GPL-3+,2.3.2-0ubuntu2~18.04.3,bionic-updates|now
x11-common,GPL,1:7.7+19ubuntu7.1,bionic-updates|now
x11-utils,unknown,7.7+3build1,bionic|now
xauth,unknown,1:1.0.10-1,bionic|now
xdelta3,GPL,3.0.11-dfsg-1ubuntu1,bionic|now
xdg-user-dirs,GPL-2,0.17-1ubuntu1,bionic|now
xfsprogs,GPL|LGPL-2.1,4.9.0+nmu1ubuntu2,bionic|now
xkb-data,unknown,2.23.1-1ubuntu1.18.04.1,bionic-updates|now
xsel,X11,1.2.0-4,bionic|now
xxd,Apache|Apache|or|Expat|Artistic-1|BSD-2-clause|BSD-3-clause|Compaq|Expat|Expat|or|GPL-2|Expat|or|Vim|GPL-1+|GPL-1+|or|Artistic-1|GPL-2|GPL-2+|OPL-1+|SRA|UC|Vim|Vim-Regexp|X11|XPM|public-domain,2:8.0.1453-1ubuntu1.1,bionic-updates|bionic-security|now
xz-utils,Autoconf|GPL-2|GPL-2+|LGPL-2.1+|PD|PD-debian|config-h|noderivs|none|permissive-fsf|permissive-nowarranty|probably-PD,5.2.2-1.3,bionic|now
zerofree,GPL-2,1.0.4-1,bionic|now
zlib1g:amd64,unknown,1:1.2.11.dfsg-0ubuntu2,NULL
